region_name,year,diabetes_rate,median_income,pct_65plus,income_lag1,pct_65plus_lag1,diabetes_change,risk_label
Central Finland wellbeing services county,2005,6.3,23240,16.6,,,,1
Central Finland wellbeing services county,2006,6.5,23703,17.1,23240.0,16.6,0.20000000000000018,1
Central Finland wellbeing services county,2007,6.8,24507,17.2,23703.0,17.1,0.2999999999999998,1
Central Finland wellbeing services county,2008,7.2,24865,17.4,24507.0,17.2,0.40000000000000036,1
Central Finland wellbeing services county,2009,7.8,25477,17.6,24865.0,17.4,0.5999999999999996,1
Central Finland wellbeing services county,2010,8.3,25854,18.0,25477.0,17.6,0.5000000000000009,1
Central Finland wellbeing services county,2011,9.2,25838,18.6,25854.0,18.0,0.8999999999999986,1
Central Finland wellbeing services county,2012,9.7,25838,19.3,25838.0,18.6,0.5,1
Central Finland wellbeing services county,2013,10.1,25717,20.0,25838.0,19.3,0.40000000000000036,1
Central Finland wellbeing services county,2014,10.4,25771,20.6,25717.0,20.0,0.3000000000000007,1
Central Finland wellbeing services county,2015,10.8,25954,21.2,25771.0,20.6,0.40000000000000036,1
Central Finland wellbeing services county,2016,11.1,26259,21.6,25954.0,21.2,0.29999999999999893,1
Central Finland wellbeing services county,2017,11.4,26455,22.2,26259.0,21.6,0.3000000000000007,1
Central Finland wellbeing services county,2018,11.6,26655,22.6,26455.0,22.2,0.1999999999999993,1
Central Finland wellbeing services county,2019,11.9,26918,23.2,26655.0,22.6,0.3000000000000007,0
Central Finland wellbeing services county,2020,12.0,26948,23.7,26918.0,23.2,0.09999999999999964,0
Central Finland wellbeing services county,2021,12.2,27206,24.1,26948.0,23.7,0.1999999999999993,0
Central Finland wellbeing services county,2022,12.4,26251,24.4,27206.0,24.1,0.20000000000000107,0
Central Finland wellbeing services county,2023,12.6,25917,24.6,26251.0,24.4,0.1999999999999993,0
Central Ostrobothnia wellbeing services county,2005,6.6,24016,16.3,,,,1
Central Ostrobothnia wellbeing services county,2006,6.9,24816,16.9,24016.0,16.3,0.3000000000000007,1
Central Ostrobothnia wellbeing services county,2007,7.1,25582,16.9,24816.0,16.9,0.1999999999999993,1
Central Ostrobothnia wellbeing services county,2008,7.5,25876,17.1,25582.0,16.9,0.40000000000000036,1
Central Ostrobothnia wellbeing services county,2009,7.7,26426,17.4,25876.0,17.1,0.20000000000000018,1
Central Ostrobothnia wellbeing services county,2010,8.3,27069,17.9,26426.0,17.4,0.6000000000000005,1
Central Ostrobothnia wellbeing services county,2011,9.0,27152,18.5,27069.0,17.9,0.6999999999999993,1
Central Ostrobothnia wellbeing services county,2012,9.4,27286,19.2,27152.0,18.5,0.40000000000000036,1
Central Ostrobothnia wellbeing services county,2013,9.7,27103,19.9,27286.0,19.2,0.29999999999999893,0
Central Ostrobothnia wellbeing services county,2014,10.0,27259,20.6,27103.0,19.9,0.3000000000000007,0
Central Ostrobothnia wellbeing services county,2015,10.2,27201,21.1,27259.0,20.6,0.1999999999999993,0
Central Ostrobothnia wellbeing services county,2016,10.3,27346,21.6,27201.0,21.1,0.10000000000000142,0
Central Ostrobothnia wellbeing services county,2017,10.4,27486,22.2,27346.0,21.6,0.09999999999999964,0
Central Ostrobothnia wellbeing services county,2018,10.8,27803,22.8,27486.0,22.2,0.40000000000000036,0
Central Ostrobothnia wellbeing services county,2019,11.2,28100,23.4,27803.0,22.8,0.3999999999999986,0
Central Ostrobothnia wellbeing services county,2020,11.4,28276,23.8,28100.0,23.4,0.20000000000000107,0
Central Ostrobothnia wellbeing services county,2021,11.9,28489,24.3,28276.0,23.8,0.5,0
Central Ostrobothnia wellbeing services county,2022,12.1,27492,24.7,28489.0,24.3,0.1999999999999993,0
Central Ostrobothnia wellbeing services county,2023,12.5,27214,24.7,27492.0,24.7,0.40000000000000036,0
Central Uusimaa wellbeing services county,2005,5.2,28612,11.3,,,,0
Central Uusimaa wellbeing services county,2006,5.3,29279,11.8,28612.0,11.3,0.09999999999999964,0
Central Uusimaa wellbeing services county,2007,5.5,30288,11.9,29279.0,11.8,0.20000000000000018,0
Central Uusimaa wellbeing services county,2008,5.9,30696,12.1,30288.0,11.9,0.40000000000000036,0
Central Uusimaa wellbeing services county,2009,6.3,31409,12.5,30696.0,12.1,0.39999999999999947,0
Central Uusimaa wellbeing services county,2010,6.8,31681,13.1,31409.0,12.5,0.5,0
Central Uusimaa wellbeing services county,2011,7.4,31740,13.9,31681.0,13.1,0.6000000000000005,0
Central Uusimaa wellbeing services county,2012,7.9,31879,14.5,31740.0,13.9,0.5,0
Central Uusimaa wellbeing services county,2013,8.5,31547,15.2,31879.0,14.5,0.5999999999999996,0
Central Uusimaa wellbeing services county,2014,9.1,31347,15.9,31547.0,15.2,0.5999999999999996,0
Central Uusimaa wellbeing services county,2015,9.5,31487,16.6,31347.0,15.9,0.40000000000000036,0
Central Uusimaa wellbeing services county,2016,10.0,31700,17.2,31487.0,16.6,0.5,0
Central Uusimaa wellbeing services county,2017,10.4,31980,17.7,31700.0,17.2,0.40000000000000036,0
Central Uusimaa wellbeing services county,2018,10.8,32162,18.3,31980.0,17.7,0.40000000000000036,0
Central Uusimaa wellbeing services county,2019,11.0,32625,18.9,32162.0,18.3,0.1999999999999993,0
Central Uusimaa wellbeing services county,2020,11.1,32537,19.3,32625.0,18.9,0.09999999999999964,0
Central Uusimaa wellbeing services county,2021,11.2,32655,19.7,32537.0,19.3,0.09999999999999964,0
Central Uusimaa wellbeing services county,2022,11.2,31649,20.0,32655.0,19.7,0.0,0
Central Uusimaa wellbeing services county,2023,11.4,31020,20.3,31649.0,20.0,0.20000000000000107,0
City of Helsinki,2005,4.4,27203,13.9,,,,0
City of Helsinki,2006,4.5,27818,14.2,27203.0,13.9,0.09999999999999964,0
City of Helsinki,2007,4.6,28667,14.2,27818.0,14.2,0.09999999999999964,0
City of Helsinki,2008,4.9,29127,14.3,28667.0,14.2,0.3000000000000007,0
City of Helsinki,2009,5.2,30138,14.5,29127.0,14.3,0.2999999999999998,0
City of Helsinki,2010,5.6,30557,15.0,30138.0,14.5,0.39999999999999947,0
City of Helsinki,2011,6.2,30199,15.4,30557.0,15.0,0.6000000000000005,0
City of Helsinki,2012,6.6,30341,15.8,30199.0,15.4,0.39999999999999947,0
City of Helsinki,2013,7.1,30196,16.1,30341.0,15.8,0.5,0
City of Helsinki,2014,7.4,30162,16.4,30196.0,16.1,0.3000000000000007,0
City of Helsinki,2015,7.7,30509,16.6,30162.0,16.4,0.2999999999999998,0
City of Helsinki,2016,8.0,30808,16.7,30509.0,16.6,0.2999999999999998,0
City of Helsinki,2017,8.2,31127,16.8,30808.0,16.7,0.1999999999999993,0
City of Helsinki,2018,8.3,31731,17.0,31127.0,16.8,0.10000000000000142,0
City of Helsinki,2019,8.5,32362,17.2,31731.0,17.0,0.1999999999999993,0
City of Helsinki,2020,8.5,32150,17.4,32362.0,17.2,0.0,0
City of Helsinki,2021,8.6,32407,17.6,32150.0,17.4,0.09999999999999964,0
City of Helsinki,2022,8.6,31320,17.6,32407.0,17.6,0.0,0
City of Helsinki,2023,8.6,30761,17.6,31320.0,17.6,0.0,0
East Uusimaa wellbeing services county,2005,4.7,27283,14.9,,,,0
East Uusimaa wellbeing services county,2006,5.0,28006,15.2,27283.0,14.9,0.2999999999999998,0
East Uusimaa wellbeing services county,2007,5.2,29016,15.3,28006.0,15.2,0.20000000000000018,0
East Uusimaa wellbeing services county,2008,5.6,29313,15.7,29016.0,15.3,0.39999999999999947,0
East Uusimaa wellbeing services county,2009,6.0,29958,16.1,29313.0,15.7,0.40000000000000036,0
East Uusimaa wellbeing services county,2010,6.6,30410,16.7,29958.0,16.1,0.5999999999999996,0
East Uusimaa wellbeing services county,2011,7.2,30473,17.5,30410.0,16.7,0.6000000000000005,0
East Uusimaa wellbeing services county,2012,7.7,30672,18.2,30473.0,17.5,0.5,0
East Uusimaa wellbeing services county,2013,8.3,30530,18.9,30672.0,18.2,0.6000000000000005,0
East Uusimaa wellbeing services county,2014,8.8,30477,19.4,30530.0,18.9,0.5,0
East Uusimaa wellbeing services county,2015,9.1,30675,20.0,30477.0,19.4,0.29999999999999893,0
East Uusimaa wellbeing services county,2016,9.5,30915,20.5,30675.0,20.0,0.40000000000000036,0
East Uusimaa wellbeing services county,2017,9.9,31240,21.1,30915.0,20.5,0.40000000000000036,0
East Uusimaa wellbeing services county,2018,10.3,31506,21.5,31240.0,21.1,0.40000000000000036,0
East Uusimaa wellbeing services county,2019,10.6,31964,22.0,31506.0,21.5,0.29999999999999893,0
East Uusimaa wellbeing services county,2020,10.6,31901,22.4,31964.0,22.0,0.0,0
East Uusimaa wellbeing services county,2021,10.7,32286,22.7,31901.0,22.4,0.09999999999999964,0
East Uusimaa wellbeing services county,2022,10.8,31331,23.2,32286.0,22.7,0.10000000000000142,0
East Uusimaa wellbeing services county,2023,10.9,30995,23.5,31331.0,23.2,0.09999999999999964,0
Kainuu wellbeing services county,2005,6.3,22065,19.0,,,,1
Kainuu wellbeing services county,2006,6.4,22484,19.7,22065.0,19.0,0.10000000000000053,1
Kainuu wellbeing services county,2007,6.7,23212,19.9,22484.0,19.7,0.2999999999999998,1
Kainuu wellbeing services county,2008,7.2,23803,20.2,23212.0,19.9,0.5,1
Kainuu wellbeing services county,2009,7.7,24562,20.4,23803.0,20.2,0.5,1
Kainuu wellbeing services county,2010,8.5,24895,21.0,24562.0,20.4,0.7999999999999998,1
Kainuu wellbeing services county,2011,9.5,25006,21.7,24895.0,21.0,1.0,1
Kainuu wellbeing services county,2012,10.1,25173,22.4,25006.0,21.7,0.5999999999999996,1
Kainuu wellbeing services county,2013,10.6,25122,23.4,25173.0,22.4,0.5,1
Kainuu wellbeing services county,2014,11.2,25245,24.1,25122.0,23.4,0.5999999999999996,1
Kainuu wellbeing services county,2015,11.6,25453,24.9,25245.0,24.1,0.40000000000000036,1
Kainuu wellbeing services county,2016,12.0,25877,25.7,25453.0,24.9,0.40000000000000036,1
Kainuu wellbeing services county,2017,12.1,26118,26.6,25877.0,25.7,0.09999999999999964,1
Kainuu wellbeing services county,2018,12.3,26477,27.5,26118.0,26.6,0.20000000000000107,1
Kainuu wellbeing services county,2019,12.6,26801,28.5,26477.0,27.5,0.29999999999999893,1
Kainuu wellbeing services county,2020,12.7,27082,29.2,26801.0,28.5,0.09999999999999964,1
Kainuu wellbeing services county,2021,12.6,27218,29.8,27082.0,29.2,-0.09999999999999964,1
Kainuu wellbeing services county,2022,12.7,26210,30.4,27218.0,29.8,0.09999999999999964,1
Kainuu wellbeing services county,2023,12.9,26069,30.7,26210.0,30.4,0.20000000000000107,1
Kanta-Häme wellbeing services county,2005,5.9,24973,17.8,,,,0
Kanta-Häme wellbeing services county,2006,6.0,25615,18.2,24973.0,17.8,0.09999999999999964,0
Kanta-Häme wellbeing services county,2007,6.2,26448,18.1,25615.0,18.2,0.20000000000000018,0
Kanta-Häme wellbeing services county,2008,6.5,26778,18.3,26448.0,18.1,0.2999999999999998,0
Kanta-Häme wellbeing services county,2009,7.0,27487,18.5,26778.0,18.3,0.5,0
Kanta-Häme wellbeing services county,2010,7.6,27702,19.0,27487.0,18.5,0.5999999999999996,0
Kanta-Häme wellbeing services county,2011,8.5,27697,19.7,27702.0,19.0,0.9000000000000004,0
Kanta-Häme wellbeing services county,2012,9.1,27868,20.5,27697.0,19.7,0.5999999999999996,0
Kanta-Häme wellbeing services county,2013,9.5,27761,21.1,27868.0,20.5,0.40000000000000036,0
Kanta-Häme wellbeing services county,2014,10.1,27639,21.8,27761.0,21.1,0.5999999999999996,0
Kanta-Häme wellbeing services county,2015,10.5,27726,22.5,27639.0,21.8,0.40000000000000036,0
Kanta-Häme wellbeing services county,2016,10.9,27952,23.2,27726.0,22.5,0.40000000000000036,0
Kanta-Häme wellbeing services county,2017,11.3,28109,23.9,27952.0,23.2,0.40000000000000036,0
Kanta-Häme wellbeing services county,2018,11.6,28362,24.6,28109.0,23.9,0.29999999999999893,1
Kanta-Häme wellbeing services county,2019,12.0,28651,25.3,28362.0,24.6,0.40000000000000036,1
Kanta-Häme wellbeing services county,2020,12.3,28782,25.8,28651.0,25.3,0.3000000000000007,1
Kanta-Häme wellbeing services county,2021,12.6,28994,26.4,28782.0,25.8,0.29999999999999893,1
Kanta-Häme wellbeing services county,2022,12.9,28080,26.9,28994.0,26.4,0.3000000000000007,1
Kanta-Häme wellbeing services county,2023,13.1,27840,27.1,28080.0,26.9,0.1999999999999993,1
Kymenlaakso wellbeing services county,2005,5.8,24431,19.0,,,,0
Kymenlaakso wellbeing services county,2006,6.1,24946,19.6,24431.0,19.0,0.2999999999999998,0
Kymenlaakso wellbeing services county,2007,6.3,25613,19.7,24946.0,19.6,0.20000000000000018,0
Kymenlaakso wellbeing services county,2008,6.8,25834,20.1,25613.0,19.7,0.5,0
Kymenlaakso wellbeing services county,2009,7.3,26505,20.4,25834.0,20.1,0.5,0
Kymenlaakso wellbeing services county,2010,7.9,26829,21.1,26505.0,20.4,0.6000000000000005,0
Kymenlaakso wellbeing services county,2011,8.8,26676,21.9,26829.0,21.1,0.9000000000000004,1
Kymenlaakso wellbeing services county,2012,9.3,26721,22.7,26676.0,21.9,0.5,0
Kymenlaakso wellbeing services county,2013,9.9,26636,23.5,26721.0,22.7,0.5999999999999996,1
Kymenlaakso wellbeing services county,2014,10.5,26643,24.4,26636.0,23.5,0.5999999999999996,1
Kymenlaakso wellbeing services county,2015,10.9,26836,25.1,26643.0,24.4,0.40000000000000036,1
Kymenlaakso wellbeing services county,2016,11.3,26912,25.7,26836.0,25.1,0.40000000000000036,1
Kymenlaakso wellbeing services county,2017,11.6,27011,26.6,26912.0,25.7,0.29999999999999893,1
Kymenlaakso wellbeing services county,2018,12.0,27318,27.3,27011.0,26.6,0.40000000000000036,1
Kymenlaakso wellbeing services county,2019,12.4,27617,28.0,27318.0,27.3,0.40000000000000036,1
Kymenlaakso wellbeing services county,2020,12.6,27744,28.6,27617.0,28.0,0.1999999999999993,1
Kymenlaakso wellbeing services county,2021,13.0,27851,29.2,27744.0,28.6,0.40000000000000036,1
Kymenlaakso wellbeing services county,2022,13.2,26923,29.7,27851.0,29.2,0.1999999999999993,1
Kymenlaakso wellbeing services county,2023,13.4,26705,30.0,26923.0,29.7,0.20000000000000107,1
Lapland wellbeing services county,2005,6.0,22940,17.2,,,,0
Lapland wellbeing services county,2006,6.2,23360,17.9,22940.0,17.2,0.20000000000000018,0
Lapland wellbeing services county,2007,6.3,23996,18.0,23360.0,17.9,0.09999999999999964,0
Lapland wellbeing services county,2008,6.8,24387,18.3,23996.0,18.0,0.5,0
Lapland wellbeing services county,2009,7.3,25099,18.5,24387.0,18.3,0.5,0
Lapland wellbeing services county,2010,7.9,25657,18.9,25099.0,18.5,0.6000000000000005,0
Lapland wellbeing services county,2011,8.8,25811,19.6,25657.0,18.9,0.9000000000000004,1
Lapland wellbeing services county,2012,9.4,26142,20.3,25811.0,19.6,0.5999999999999996,1
Lapland wellbeing services county,2013,9.9,26172,21.1,26142.0,20.3,0.5,1
Lapland wellbeing services county,2014,10.4,26195,21.9,26172.0,21.1,0.5,1
Lapland wellbeing services county,2015,10.9,26510,22.6,26195.0,21.9,0.5,1
Lapland wellbeing services county,2016,11.4,26768,23.2,26510.0,22.6,0.5,1
Lapland wellbeing services county,2017,11.6,27064,23.9,26768.0,23.2,0.1999999999999993,1
Lapland wellbeing services county,2018,11.8,27334,24.6,27064.0,23.9,0.20000000000000107,1
Lapland wellbeing services county,2019,12.2,27781,25.3,27334.0,24.6,0.3999999999999986,1
Lapland wellbeing services county,2020,12.4,27907,26.0,27781.0,25.3,0.20000000000000107,1
Lapland wellbeing services county,2021,12.6,27992,26.6,27907.0,26.0,0.1999999999999993,1
Lapland wellbeing services county,2022,12.8,27297,27.1,27992.0,26.6,0.20000000000000107,1
Lapland wellbeing services county,2023,13.1,27070,27.3,27297.0,27.1,0.29999999999999893,1
North Karelia wellbeing services county,2005,7.0,21734,18.3,,,,1
North Karelia wellbeing services county,2006,7.1,21931,18.9,21734.0,18.3,0.09999999999999964,1
North Karelia wellbeing services county,2007,7.3,22553,19.0,21931.0,18.9,0.20000000000000018,1
North Karelia wellbeing services county,2008,7.7,22876,19.3,22553.0,19.0,0.40000000000000036,1
North Karelia wellbeing services county,2009,8.3,23524,19.6,22876.0,19.3,0.6000000000000005,1
North Karelia wellbeing services county,2010,8.9,24031,20.2,23524.0,19.6,0.5999999999999996,1
North Karelia wellbeing services county,2011,9.7,24023,20.8,24031.0,20.2,0.7999999999999989,1
North Karelia wellbeing services county,2012,10.3,24255,21.5,24023.0,20.8,0.6000000000000014,1
North Karelia wellbeing services county,2013,10.9,24438,22.3,24255.0,21.5,0.5999999999999996,1
North Karelia wellbeing services county,2014,11.5,24425,23.0,24438.0,22.3,0.5999999999999996,1
North Karelia wellbeing services county,2015,11.9,24637,23.7,24425.0,23.0,0.40000000000000036,1
North Karelia wellbeing services county,2016,12.3,24849,24.3,24637.0,23.7,0.40000000000000036,1
North Karelia wellbeing services county,2017,12.7,24989,25.1,24849.0,24.3,0.3999999999999986,1
North Karelia wellbeing services county,2018,13.1,25290,25.8,24989.0,25.1,0.40000000000000036,1
North Karelia wellbeing services county,2019,13.4,25438,26.5,25290.0,25.8,0.3000000000000007,1
North Karelia wellbeing services county,2020,13.8,25616,27.3,25438.0,26.5,0.40000000000000036,1
North Karelia wellbeing services county,2021,14.0,25825,27.9,25616.0,27.3,0.1999999999999993,1
North Karelia wellbeing services county,2022,14.3,24957,28.4,25825.0,27.9,0.3000000000000007,1
North Karelia wellbeing services county,2023,14.6,24852,28.8,24957.0,28.4,0.29999999999999893,1
North Ostrobothnia wellbeing services county,2005,6.2,24075,13.6,,,,1
North Ostrobothnia wellbeing services county,2006,6.4,24516,14.0,24075.0,13.6,0.20000000000000018,1
North Ostrobothnia wellbeing services county,2007,6.5,25205,14.1,24516.0,14.0,0.09999999999999964,1
North Ostrobothnia wellbeing services county,2008,7.0,25625,14.3,25205.0,14.1,0.5,1
North Ostrobothnia wellbeing services county,2009,7.4,26184,14.4,25625.0,14.3,0.40000000000000036,1
North Ostrobothnia wellbeing services county,2010,8.0,26476,14.8,26184.0,14.4,0.5999999999999996,1
North Ostrobothnia wellbeing services county,2011,8.8,26468,15.3,26476.0,14.8,0.8000000000000007,1
North Ostrobothnia wellbeing services county,2012,9.3,26615,15.8,26468.0,15.3,0.5,0
North Ostrobothnia wellbeing services county,2013,9.7,26409,16.3,26615.0,15.8,0.3999999999999986,0
North Ostrobothnia wellbeing services county,2014,10.2,26530,16.9,26409.0,16.3,0.5,0
North Ostrobothnia wellbeing services county,2015,10.4,26660,17.4,26530.0,16.9,0.20000000000000107,0
North Ostrobothnia wellbeing services county,2016,10.8,26881,18.0,26660.0,17.4,0.40000000000000036,0
North Ostrobothnia wellbeing services county,2017,11.1,27196,18.6,26881.0,18.0,0.29999999999999893,0
North Ostrobothnia wellbeing services county,2018,11.3,27441,19.1,27196.0,18.6,0.20000000000000107,0
North Ostrobothnia wellbeing services county,2019,11.5,27772,19.6,27441.0,19.1,0.1999999999999993,0
North Ostrobothnia wellbeing services county,2020,11.7,27967,20.2,27772.0,19.6,0.1999999999999993,0
North Ostrobothnia wellbeing services county,2021,11.8,28129,20.5,27967.0,20.2,0.10000000000000142,0
North Ostrobothnia wellbeing services county,2022,12.0,27251,20.9,28129.0,20.5,0.1999999999999993,0
North Ostrobothnia wellbeing services county,2023,12.2,26856,21.2,27251.0,20.9,0.1999999999999993,0
North Savo wellbeing services county,2005,6.4,22792,18.1,,,,1
North Savo wellbeing services county,2006,6.6,23261,18.6,22792.0,18.1,0.1999999999999993,1
North Savo wellbeing services county,2007,6.9,23995,18.7,23261.0,18.6,0.3000000000000007,1
North Savo wellbeing services county,2008,7.4,24486,18.9,23995.0,18.7,0.5,1
North Savo wellbeing services county,2009,8.0,25103,19.2,24486.0,18.9,0.5999999999999996,1
North Savo wellbeing services county,2010,8.6,25536,19.6,25103.0,19.2,0.5999999999999996,1
North Savo wellbeing services county,2011,9.5,25581,20.3,25536.0,19.6,0.9000000000000004,1
North Savo wellbeing services county,2012,10.1,25830,20.9,25581.0,20.3,0.5999999999999996,1
North Savo wellbeing services county,2013,10.7,25875,21.5,25830.0,20.9,0.5999999999999996,1
North Savo wellbeing services county,2014,11.2,25735,22.2,25875.0,21.5,0.5,1
North Savo wellbeing services county,2015,11.5,25934,22.7,25735.0,22.2,0.3000000000000007,1
North Savo wellbeing services county,2016,11.9,26199,23.3,25934.0,22.7,0.40000000000000036,1
North Savo wellbeing services county,2017,12.3,26412,24.0,26199.0,23.3,0.40000000000000036,1
North Savo wellbeing services county,2018,12.8,26743,24.6,26412.0,24.0,0.5,1
North Savo wellbeing services county,2019,13.3,27087,25.3,26743.0,24.6,0.5,1
North Savo wellbeing services county,2020,13.7,27196,25.9,27087.0,25.3,0.3999999999999986,1
North Savo wellbeing services county,2021,14.1,27443,26.4,27196.0,25.9,0.40000000000000036,1
North Savo wellbeing services county,2022,14.4,26542,26.8,27443.0,26.4,0.3000000000000007,1
North Savo wellbeing services county,2023,14.7,26256,27.1,26542.0,26.8,0.29999999999999893,1
Ostrobothnia wellbeing services county,2005,5.1,24883,17.9,,,,0
Ostrobothnia wellbeing services county,2006,5.3,25592,18.3,24883.0,17.9,0.20000000000000018,0
Ostrobothnia wellbeing services county,2007,5.5,26476,18.3,25592.0,18.3,0.20000000000000018,0
Ostrobothnia wellbeing services county,2008,5.8,27037,18.4,26476.0,18.3,0.2999999999999998,0
Ostrobothnia wellbeing services county,2009,6.2,27562,18.6,27037.0,18.4,0.40000000000000036,0
Ostrobothnia wellbeing services county,2010,6.6,27893,19.1,27562.0,18.6,0.39999999999999947,0
Ostrobothnia wellbeing services county,2011,7.2,27993,19.6,27893.0,19.1,0.6000000000000005,0
Ostrobothnia wellbeing services county,2012,7.6,28159,20.1,27993.0,19.6,0.39999999999999947,0
Ostrobothnia wellbeing services county,2013,7.9,28120,20.5,28159.0,20.1,0.3000000000000007,0
Ostrobothnia wellbeing services county,2014,8.2,27989,21.0,28120.0,20.5,0.29999999999999893,0
Ostrobothnia wellbeing services county,2015,8.5,28069,21.4,27989.0,21.0,0.3000000000000007,0
Ostrobothnia wellbeing services county,2016,8.8,28215,21.8,28069.0,21.4,0.3000000000000007,0
Ostrobothnia wellbeing services county,2017,8.9,28362,22.2,28215.0,21.8,0.09999999999999964,0
Ostrobothnia wellbeing services county,2018,9.2,28611,22.6,28362.0,22.2,0.29999999999999893,0
Ostrobothnia wellbeing services county,2019,9.5,28909,23.0,28611.0,22.6,0.3000000000000007,0
Ostrobothnia wellbeing services county,2020,9.7,28938,23.4,28909.0,23.0,0.1999999999999993,0
Ostrobothnia wellbeing services county,2021,9.9,29119,23.6,28938.0,23.4,0.20000000000000107,0
Ostrobothnia wellbeing services county,2022,10.1,28155,23.7,29119.0,23.6,0.1999999999999993,0
Ostrobothnia wellbeing services county,2023,10.3,27811,23.6,28155.0,23.7,0.20000000000000107,0
Pirkanmaa wellbeing services county,2005,5.8,24646,16.4,,,,0
Pirkanmaa wellbeing services county,2006,6.0,25206,16.8,24646.0,16.4,0.20000000000000018,0
Pirkanmaa wellbeing services county,2007,6.1,25979,16.8,25206.0,16.8,0.09999999999999964,0
Pirkanmaa wellbeing services county,2008,6.5,26279,16.9,25979.0,16.8,0.40000000000000036,0
Pirkanmaa wellbeing services county,2009,6.9,26761,17.2,26279.0,16.9,0.40000000000000036,0
Pirkanmaa wellbeing services county,2010,7.5,26900,17.6,26761.0,17.2,0.5999999999999996,0
Pirkanmaa wellbeing services county,2011,8.5,26949,18.2,26900.0,17.6,1.0,0
Pirkanmaa wellbeing services county,2012,9.2,27175,18.8,26949.0,18.2,0.6999999999999993,0
Pirkanmaa wellbeing services county,2013,9.8,26990,19.4,27175.0,18.8,0.6000000000000014,0
Pirkanmaa wellbeing services county,2014,10.3,26864,19.9,26990.0,19.4,0.5,0
Pirkanmaa wellbeing services county,2015,10.7,27066,20.3,26864.0,19.9,0.3999999999999986,0
Pirkanmaa wellbeing services county,2016,11.0,27238,20.7,27066.0,20.3,0.3000000000000007,0
Pirkanmaa wellbeing services county,2017,11.2,27490,21.1,27238.0,20.7,0.1999999999999993,0
Pirkanmaa wellbeing services county,2018,11.4,27790,21.4,27490.0,21.1,0.20000000000000107,0
Pirkanmaa wellbeing services county,2019,11.6,28156,21.8,27790.0,21.4,0.1999999999999993,0
Pirkanmaa wellbeing services county,2020,11.8,28182,22.1,28156.0,21.8,0.20000000000000107,0
Pirkanmaa wellbeing services county,2021,12.2,28411,22.3,28182.0,22.1,0.3999999999999986,0
Pirkanmaa wellbeing services county,2022,12.4,27611,22.4,28411.0,22.3,0.20000000000000107,0
Pirkanmaa wellbeing services county,2023,12.5,27263,22.3,27611.0,22.4,0.09999999999999964,0
Päijät-Häme wellbeing services county,2005,5.6,23428,17.6,,,,0
Päijät-Häme wellbeing services county,2006,5.9,23827,18.3,23428.0,17.6,0.3000000000000007,0
Päijät-Häme wellbeing services county,2007,6.1,24711,18.4,23827.0,18.3,0.1999999999999993,0
Päijät-Häme wellbeing services county,2008,6.4,25032,18.8,24711.0,18.4,0.3000000000000007,0
Päijät-Häme wellbeing services county,2009,6.8,25483,19.1,25032.0,18.8,0.39999999999999947,0
Päijät-Häme wellbeing services county,2010,7.1,25844,19.8,25483.0,19.1,0.2999999999999998,0
Päijät-Häme wellbeing services county,2011,7.7,25873,20.6,25844.0,19.8,0.6000000000000005,0
Päijät-Häme wellbeing services county,2012,8.1,26042,21.5,25873.0,20.6,0.39999999999999947,0
Päijät-Häme wellbeing services county,2013,8.6,25940,22.4,26042.0,21.5,0.5,0
Päijät-Häme wellbeing services county,2014,8.9,25826,23.2,25940.0,22.4,0.3000000000000007,0
Päijät-Häme wellbeing services county,2015,9.5,26080,24.1,25826.0,23.2,0.5999999999999996,0
Päijät-Häme wellbeing services county,2016,9.7,26317,24.7,26080.0,24.1,0.1999999999999993,0
Päijät-Häme wellbeing services county,2017,9.9,26422,25.4,26317.0,24.7,0.20000000000000107,0
Päijät-Häme wellbeing services county,2018,10.1,26640,26.0,26422.0,25.4,0.1999999999999993,0
Päijät-Häme wellbeing services county,2019,10.4,27357,26.7,26640.0,26.0,0.3000000000000007,0
Päijät-Häme wellbeing services county,2020,10.8,27301,27.3,27357.0,26.7,0.40000000000000036,0
Päijät-Häme wellbeing services county,2021,11.1,27459,27.7,27301.0,27.3,0.29999999999999893,0
Päijät-Häme wellbeing services county,2022,11.5,26606,28.1,27459.0,27.7,0.40000000000000036,0
Päijät-Häme wellbeing services county,2023,12.1,26124,28.3,26606.0,28.1,0.5999999999999996,0
Satakunta wellbeing services county,2005,5.7,23636,19.1,,,,0
Satakunta wellbeing services county,2006,6.0,24140,19.7,23636.0,19.1,0.2999999999999998,0
Satakunta wellbeing services county,2007,6.3,24929,19.8,24140.0,19.7,0.2999999999999998,0
Satakunta wellbeing services county,2008,6.7,25478,20.2,24929.0,19.8,0.40000000000000036,0
Satakunta wellbeing services county,2009,7.1,26146,20.5,25478.0,20.2,0.39999999999999947,0
Satakunta wellbeing services county,2010,7.7,26421,21.1,26146.0,20.5,0.6000000000000005,0
Satakunta wellbeing services county,2011,8.3,26439,21.8,26421.0,21.1,0.6000000000000005,0
Satakunta wellbeing services county,2012,8.8,26700,22.6,26439.0,21.8,0.5,0
Satakunta wellbeing services county,2013,9.3,26580,23.4,26700.0,22.6,0.5,0
Satakunta wellbeing services county,2014,9.8,26591,24.1,26580.0,23.4,0.5,0
Satakunta wellbeing services county,2015,10.3,26703,24.8,26591.0,24.1,0.5,0
Satakunta wellbeing services county,2016,10.7,26792,25.3,26703.0,24.8,0.3999999999999986,0
Satakunta wellbeing services county,2017,10.9,27219,26.0,26792.0,25.3,0.20000000000000107,0
Satakunta wellbeing services county,2018,11.2,27542,26.6,27219.0,26.0,0.29999999999999893,0
Satakunta wellbeing services county,2019,11.3,27717,27.2,27542.0,26.6,0.10000000000000142,0
Satakunta wellbeing services county,2020,11.5,27778,27.7,27717.0,27.2,0.1999999999999993,0
Satakunta wellbeing services county,2021,11.7,27907,28.1,27778.0,27.7,0.1999999999999993,0
Satakunta wellbeing services county,2022,11.9,27034,28.5,27907.0,28.1,0.20000000000000107,0
Satakunta wellbeing services county,2023,12.2,26734,28.6,27034.0,28.5,0.29999999999999893,0
South Karelia wellbeing services county,2005,6.1,23674,19.4,,,,0
South Karelia wellbeing services county,2006,6.2,24288,20.1,23674.0,19.4,0.10000000000000053,0
South Karelia wellbeing services county,2007,6.4,25070,20.2,24288.0,20.1,0.20000000000000018,0
South Karelia wellbeing services county,2008,6.6,25394,20.5,25070.0,20.2,0.1999999999999993,0
South Karelia wellbeing services county,2009,7.0,25968,20.9,25394.0,20.5,0.40000000000000036,0
South Karelia wellbeing services county,2010,7.4,26253,21.4,25968.0,20.9,0.40000000000000036,0
South Karelia wellbeing services county,2011,8.2,26261,22.1,26253.0,21.4,0.7999999999999989,0
South Karelia wellbeing services county,2012,8.6,26501,22.9,26261.0,22.1,0.40000000000000036,0
South Karelia wellbeing services county,2013,9.1,26535,23.6,26501.0,22.9,0.5,0
South Karelia wellbeing services county,2014,9.6,26414,24.3,26535.0,23.6,0.5,0
South Karelia wellbeing services county,2015,9.9,26541,25.0,26414.0,24.3,0.3000000000000007,0
South Karelia wellbeing services county,2016,10.2,26566,25.5,26541.0,25.0,0.29999999999999893,0
South Karelia wellbeing services county,2017,10.6,26637,26.1,26566.0,25.5,0.40000000000000036,0
South Karelia wellbeing services county,2018,10.8,26868,26.8,26637.0,26.1,0.20000000000000107,0
South Karelia wellbeing services county,2019,11.1,27054,27.4,26868.0,26.8,0.29999999999999893,0
South Karelia wellbeing services county,2020,11.1,27249,28.0,27054.0,27.4,0.0,0
South Karelia wellbeing services county,2021,11.3,27352,28.5,27249.0,28.0,0.20000000000000107,0
South Karelia wellbeing services county,2022,11.5,26428,28.9,27352.0,28.5,0.1999999999999993,0
South Karelia wellbeing services county,2023,11.7,26201,29.1,26428.0,28.9,0.1999999999999993,0
South Ostrobothnia wellbeing services county,2005,7.1,23340,18.7,,,,1
South Ostrobothnia wellbeing services county,2006,7.3,23865,19.1,23340.0,18.7,0.20000000000000018,1
South Ostrobothnia wellbeing services county,2007,7.5,24696,19.0,23865.0,19.1,0.20000000000000018,1
South Ostrobothnia wellbeing services county,2008,8.1,25223,19.2,24696.0,19.0,0.5999999999999996,1
South Ostrobothnia wellbeing services county,2009,8.9,25600,19.4,25223.0,19.2,0.8000000000000007,1
South Ostrobothnia wellbeing services county,2010,9.6,26121,19.8,25600.0,19.4,0.6999999999999993,1
South Ostrobothnia wellbeing services county,2011,10.7,26263,20.3,26121.0,19.8,1.0999999999999996,1
South Ostrobothnia wellbeing services county,2012,11.3,26248,20.9,26263.0,20.3,0.6000000000000014,1
South Ostrobothnia wellbeing services county,2013,11.9,26205,21.6,26248.0,20.9,0.5999999999999996,1
South Ostrobothnia wellbeing services county,2014,12.2,26132,22.3,26205.0,21.6,0.29999999999999893,1
South Ostrobothnia wellbeing services county,2015,12.5,26334,22.9,26132.0,22.3,0.3000000000000007,1
South Ostrobothnia wellbeing services county,2016,12.7,26596,23.5,26334.0,22.9,0.1999999999999993,1
South Ostrobothnia wellbeing services county,2017,12.9,26792,24.1,26596.0,23.5,0.20000000000000107,1
South Ostrobothnia wellbeing services county,2018,13.0,27052,24.7,26792.0,24.1,0.09999999999999964,1
South Ostrobothnia wellbeing services county,2019,13.2,27392,25.4,27052.0,24.7,0.1999999999999993,1
South Ostrobothnia wellbeing services county,2020,13.3,27620,26.0,27392.0,25.4,0.10000000000000142,1
South Ostrobothnia wellbeing services county,2021,13.5,27922,26.6,27620.0,26.0,0.1999999999999993,1
South Ostrobothnia wellbeing services county,2022,13.6,27071,26.8,27922.0,26.6,0.09999999999999964,1
South Ostrobothnia wellbeing services county,2023,13.8,26704,27.0,27071.0,26.8,0.20000000000000107,1
South Savo wellbeing services county,2005,6.6,22411,21.0,,,,1
South Savo wellbeing services county,2006,6.7,22866,21.6,22411.0,21.0,0.10000000000000053,1
South Savo wellbeing services county,2007,6.9,23582,21.9,22866.0,21.6,0.20000000000000018,1
South Savo wellbeing services county,2008,7.3,23923,22.3,23582.0,21.9,0.39999999999999947,1
South Savo wellbeing services county,2009,7.8,24679,22.7,23923.0,22.3,0.5,1
South Savo wellbeing services county,2010,8.4,25099,23.3,24679.0,22.7,0.6000000000000005,1
South Savo wellbeing services county,2011,9.3,25056,24.1,25099.0,23.3,0.9000000000000004,1
South Savo wellbeing services county,2012,9.7,25232,25.0,25056.0,24.1,0.3999999999999986,1
South Savo wellbeing services county,2013,10.3,25288,25.9,25232.0,25.0,0.6000000000000014,1
South Savo wellbeing services county,2014,10.8,25330,26.6,25288.0,25.9,0.5,1
South Savo wellbeing services county,2015,11.2,25505,27.4,25330.0,26.6,0.3999999999999986,1
South Savo wellbeing services county,2016,11.6,25716,28.1,25505.0,27.4,0.40000000000000036,1
South Savo wellbeing services county,2017,11.9,25829,29.0,25716.0,28.1,0.3000000000000007,1
South Savo wellbeing services county,2018,12.3,26199,29.9,25829.0,29.0,0.40000000000000036,1
South Savo wellbeing services county,2019,12.8,26417,30.9,26199.0,29.9,0.5,1
South Savo wellbeing services county,2020,13.1,26373,31.7,26417.0,30.9,0.29999999999999893,1
South Savo wellbeing services county,2021,13.4,26620,32.5,26373.0,31.7,0.3000000000000007,1
South Savo wellbeing services county,2022,13.6,25885,33.0,26620.0,32.5,0.1999999999999993,1
South Savo wellbeing services county,2023,13.8,25903,33.4,25885.0,33.0,0.20000000000000107,1
Southwest Finland wellbeing services county,2005,5.2,24746,17.0,,,,0
Southwest Finland wellbeing services county,2006,5.4,25441,17.4,24746.0,17.0,0.20000000000000018,0
Southwest Finland wellbeing services county,2007,5.5,26096,17.4,25441.0,17.4,0.09999999999999964,0
Southwest Finland wellbeing services county,2008,5.9,26544,17.7,26096.0,17.4,0.40000000000000036,0
Southwest Finland wellbeing services county,2009,6.4,27203,18.0,26544.0,17.7,0.5,0
Southwest Finland wellbeing services county,2010,6.9,27304,18.5,27203.0,18.0,0.5,0
Southwest Finland wellbeing services county,2011,7.8,27211,19.2,27304.0,18.5,0.8999999999999995,0
Southwest Finland wellbeing services county,2012,8.4,27355,19.9,27211.0,19.2,0.6000000000000005,0
Southwest Finland wellbeing services county,2013,9.0,27016,20.6,27355.0,19.9,0.5999999999999996,0
Southwest Finland wellbeing services county,2014,9.3,26920,21.1,27016.0,20.6,0.3000000000000007,0
Southwest Finland wellbeing services county,2015,9.6,27190,21.7,26920.0,21.1,0.29999999999999893,0
Southwest Finland wellbeing services county,2016,9.9,27435,22.1,27190.0,21.7,0.3000000000000007,0
Southwest Finland wellbeing services county,2017,10.1,27791,22.5,27435.0,22.1,0.1999999999999993,0
Southwest Finland wellbeing services county,2018,10.5,28054,22.9,27791.0,22.5,0.40000000000000036,0
Southwest Finland wellbeing services county,2019,10.8,28440,23.3,28054.0,22.9,0.3000000000000007,0
Southwest Finland wellbeing services county,2020,11.1,28457,23.7,28440.0,23.3,0.29999999999999893,0
Southwest Finland wellbeing services county,2021,11.2,28683,24.0,28457.0,23.7,0.09999999999999964,0
Southwest Finland wellbeing services county,2022,11.3,27790,24.1,28683.0,24.0,0.10000000000000142,0
Southwest Finland wellbeing services county,2023,11.5,27391,24.1,27790.0,24.1,0.1999999999999993,0
Vantaa and Kerava wellbeing services county,2005,5.0,28585,10.0,,,,0
Vantaa and Kerava wellbeing services county,2006,5.2,29212,10.6,28585.0,10.0,0.20000000000000018,0
Vantaa and Kerava wellbeing services county,2007,5.4,30099,10.7,29212.0,10.6,0.20000000000000018,0
Vantaa and Kerava wellbeing services county,2008,5.9,30447,11.2,30099.0,10.7,0.5,0
Vantaa and Kerava wellbeing services county,2009,6.4,31173,11.7,30447.0,11.2,0.5,0
Vantaa and Kerava wellbeing services county,2010,6.7,31246,12.3,31173.0,11.7,0.2999999999999998,0
Vantaa and Kerava wellbeing services county,2011,7.5,31140,13.0,31246.0,12.3,0.7999999999999998,0
Vantaa and Kerava wellbeing services county,2012,8.0,31220,13.7,31140.0,13.0,0.5,0
Vantaa and Kerava wellbeing services county,2013,8.6,30926,14.3,31220.0,13.7,0.5999999999999996,0
Vantaa and Kerava wellbeing services county,2014,9.1,30779,14.8,30926.0,14.3,0.5,0
Vantaa and Kerava wellbeing services county,2015,9.5,30961,15.2,30779.0,14.8,0.40000000000000036,0
Vantaa and Kerava wellbeing services county,2016,9.9,31042,15.4,30961.0,15.2,0.40000000000000036,0
Vantaa and Kerava wellbeing services county,2017,10.2,31100,15.7,31042.0,15.4,0.29999999999999893,0
Vantaa and Kerava wellbeing services county,2018,10.5,31317,15.8,31100.0,15.7,0.3000000000000007,0
Vantaa and Kerava wellbeing services county,2019,10.6,31610,16.0,31317.0,15.8,0.09999999999999964,0
Vantaa and Kerava wellbeing services county,2020,10.5,31277,16.1,31610.0,16.0,-0.09999999999999964,0
Vantaa and Kerava wellbeing services county,2021,10.6,31260,16.3,31277.0,16.1,0.09999999999999964,0
Vantaa and Kerava wellbeing services county,2022,10.7,30213,16.4,31260.0,16.3,0.09999999999999964,0
Vantaa and Kerava wellbeing services county,2023,10.7,29560,16.3,30213.0,16.4,0.0,0
West Uusimaa wellbeing services county,2005,4.3,29935,11.5,,,,0
West Uusimaa wellbeing services county,2006,4.5,30686,11.9,29935.0,11.5,0.20000000000000018,0
West Uusimaa wellbeing services county,2007,4.6,31717,12.1,30686.0,11.9,0.09999999999999964,0
West Uusimaa wellbeing services county,2008,4.9,32035,12.4,31717.0,12.1,0.3000000000000007,0
West Uusimaa wellbeing services county,2009,5.3,32797,12.8,32035.0,12.4,0.39999999999999947,0
West Uusimaa wellbeing services county,2010,5.6,32940,13.3,32797.0,12.8,0.2999999999999998,0
West Uusimaa wellbeing services county,2011,6.3,32924,14.0,32940.0,13.3,0.7000000000000002,0
West Uusimaa wellbeing services county,2012,6.7,32942,14.7,32924.0,14.0,0.40000000000000036,0
West Uusimaa wellbeing services county,2013,7.3,32548,15.3,32942.0,14.7,0.5999999999999996,0
West Uusimaa wellbeing services county,2014,7.7,32352,15.8,32548.0,15.3,0.40000000000000036,0
West Uusimaa wellbeing services county,2015,8.1,32611,16.3,32352.0,15.8,0.39999999999999947,0
West Uusimaa wellbeing services county,2016,8.5,32809,16.6,32611.0,16.3,0.40000000000000036,0
West Uusimaa wellbeing services county,2017,8.9,33030,17.1,32809.0,16.6,0.40000000000000036,0
West Uusimaa wellbeing services county,2018,9.1,33277,17.4,33030.0,17.1,0.1999999999999993,0
West Uusimaa wellbeing services county,2019,9.3,33700,17.7,33277.0,17.4,0.20000000000000107,0
West Uusimaa wellbeing services county,2020,9.3,33688,18.0,33700.0,17.7,0.0,0
West Uusimaa wellbeing services county,2021,9.4,33917,18.3,33688.0,18.0,0.09999999999999964,0
West Uusimaa wellbeing services county,2022,9.5,32745,18.4,33917.0,18.3,0.09999999999999964,0
West Uusimaa wellbeing services county,2023,9.5,32214,18.4,32745.0,18.4,0.0,0
Åland,2005,3.3,30211,16.8,,,,0
Åland,2006,3.4,30546,16.9,30211.0,16.8,0.10000000000000009,0
Åland,2007,3.7,31592,17.2,30546.0,16.9,0.30000000000000027,0
Åland,2008,3.9,31893,17.4,31592.0,17.2,0.19999999999999973,0
Åland,2009,4.0,32897,17.8,31893.0,17.4,0.10000000000000009,0
Åland,2010,4.2,32929,18.4,32897.0,17.8,0.20000000000000018,0
Åland,2011,4.4,32811,18.9,32929.0,18.4,0.20000000000000018,0
Åland,2012,4.7,32949,19.4,32811.0,18.9,0.2999999999999998,0
Åland,2013,4.8,32887,19.9,32949.0,19.4,0.09999999999999964,0
Åland,2014,4.8,32660,20.4,32887.0,19.9,0.0,0
Åland,2015,4.9,33076,20.8,32660.0,20.4,0.10000000000000053,0
Åland,2016,5.0,33307,21.1,33076.0,20.8,0.09999999999999964,0
Åland,2017,5.2,33787,21.7,33307.0,21.1,0.20000000000000018,0
Åland,2018,5.4,33716,22.2,33787.0,21.7,0.20000000000000018,0
Åland,2019,5.8,34238,22.7,33716.0,22.2,0.39999999999999947,0
Åland,2020,6.1,33905,23.0,34238.0,22.7,0.2999999999999998,0
Åland,2021,6.4,33840,23.4,33905.0,23.0,0.3000000000000007,0
Åland,2022,6.5,32534,23.8,33840.0,23.4,0.09999999999999964,0
Åland,2023,6.8,32069,24.2,32534.0,23.8,0.2999999999999998,0
